period_start,sales_country,member_status,age_bracket,sum_sales_incl_gst,sum_txns,sum_shoppers,sum_units_sold,mean_txn_sale_amount,mean_member_rev,mean_visit_freq,mean_basket_size,category_shopped_1plus,pct_category_shopped_1plus
2021-01-01,Australia,Existing Members,,3904773.4500000007,36875,29532,63549,105.89216135593222,132.22177468508738,1.248645537044562,1.7233627118644068,10168,0.3443044832723825
2021-01-01,Australia,Existing Members,0-17,198823.84,1980,1607,3333,100.4160808080808,123.72360920970753,1.2321095208462975,1.6833333333333333,504,0.313627878033603
2021-01-01,Australia,Existing Members,18-24,333292.61,3265,2648,5647,102.08043185298621,125.86578927492447,1.2330060422960725,1.7295558958652373,946,0.35725075528700906
2021-01-01,Australia,Existing Members,25-34,776341.37,8154,6696,14208,95.20988103998037,115.94106481481481,1.217741935483871,1.742457689477557,2322,0.3467741935483871
2021-01-01,Australia,Existing Members,35-39,590841.59,5934,4751,10785,99.56885574654532,124.36152178488739,1.2490002104820037,1.8174924165824065,1637,0.34455904020206274
2021-01-01,Australia,Existing Members,40-54,1679948.06,16563,13165,28566,101.42776429390811,127.607144701861,1.2581086213444739,1.7246875566020647,4470,0.3395366502088872
2021-01-01,Australia,Existing Members,55-64,650408.27,6933,5628,11284,93.81339535554594,115.56650142146411,1.2318763326226012,1.6275782489542767,1605,0.285181236673774
2021-01-01,Australia,Existing Members,65+,182342.51,2175,1794,3157,83.8356367816092,101.64019509476032,1.2123745819397993,1.4514942528735633,459,0.25585284280936454
2021-01-01,Australia,New Members,,2743022.06,19247,15975,49123,142.51686288772277,171.70717120500782,1.2048200312989046,2.5522419078297918,14272,0.89339593114241
2021-01-01,Australia,New Members,0-17,2014.21,15,13,38,134.28066666666666,154.93923076923076,1.1538461538461537,2.533333333333333,8,0.6153846153846154
2021-01-01,Australia,New Members,18-24,5190.96,32,26,67,162.2175,199.6523076923077,1.2307692307692308,2.09375,15,0.5769230769230769
2021-01-01,Australia,New Members,25-34,24612.21,154,111,322,159.81954545454545,221.73162162162163,1.3873873873873874,2.090909090909091,73,0.6576576576576577
2021-01-01,Australia,New Members,35-39,8727.99,64,52,154,136.37484375,167.84596153846152,1.2307692307692308,2.40625,39,0.75
2021-01-01,Australia,New Members,40-54,22360.09,134,103,333,166.8663432835821,217.08825242718447,1.3009708737864079,2.485074626865672,77,0.7475728155339806
2021-01-01,Australia,New Members,55-64,4964.19,35,29,76,141.83399999999997,171.17896551724135,1.206896551724138,2.1714285714285713,18,0.6206896551724138
2021-01-01,Australia,New Members,65+,1867.83,10,9,18,186.783,207.53666666666666,1.1111111111111112,1.8,4,0.4444444444444444
2021-01-01,New Zealand,Existing Members,,2344869.2,23126,18185,39926,101.39536452477732,128.945240582898,1.2717074511960407,1.7264550722130936,5642,0.31025570525158097
2021-01-01,New Zealand,Existing Members,0-17,224550.84,2228,1785,3952,100.78583482944344,125.79878991596638,1.2481792717086835,1.7737881508078994,515,0.28851540616246496
2021-01-01,New Zealand,Existing Members,18-24,318897.97000000003,3463,2743,6160,92.08719896043894,116.25882974845061,1.2624863288370398,1.778804504764655,894,0.32592052497265767
2021-01-01,New Zealand,Existing Members,25-34,846335.03,8787,6848,15384,96.31672129281894,123.58864339953271,1.2831483644859814,1.7507681802663024,2212,0.3230140186915888
2021-01-01,New Zealand,Existing Members,35-39,623335.39,6141,4778,11163,101.5038902458883,130.4594788614483,1.2852658015906238,1.817782120175867,1537,0.32168271243197993
2021-01-01,New Zealand,Existing Members,40-54,1530564.2200000002,15052,11641,26612,101.68510629816637,131.48047590413196,1.293016063912035,1.7680042519266543,3658,0.3142341723219655
2021-01-01,New Zealand,Existing Members,55-64,441681.52,4832,3877,7694,91.40759933774835,113.92352850141863,1.2463244776889348,1.5923013245033113,1008,0.259994841372195
2021-01-01,New Zealand,Existing Members,65+,152447.81,1764,1447,2621,86.42166099773243,105.35439530062197,1.2190739460953697,1.4858276643990929,351,0.2425708362128542
2021-01-01,New Zealand,New Members,,1093326.83,8424,7010,20950,129.78713556505224,155.9667375178317,1.2017118402282454,2.4869420702754037,6110,0.8716119828815977
2021-01-01,New Zealand,New Members,0-17,987.84,10,8,19,98.784,123.48,1.25,1.9,5,0.625
2021-01-01,New Zealand,New Members,18-24,945.9000000000001,9,8,13,105.10000000000001,118.23750000000001,1.125,1.4444444444444444,3,0.375
2021-01-01,New Zealand,New Members,25-34,9956.73,70,52,188,142.239,191.47557692307691,1.3461538461538463,2.6857142857142855,41,0.7884615384615384
2021-01-01,New Zealand,New Members,35-39,5529.71,38,28,74,145.51868421052632,197.48964285714285,1.3571428571428572,1.9473684210526316,14,0.5
2021-01-01,New Zealand,New Members,40-54,7072.52,55,45,126,128.59127272727272,157.16711111111113,1.2222222222222223,2.290909090909091,25,0.5555555555555556
2021-01-01,New Zealand,New Members,55-64,1934.2,23,16,41,84.09565217391305,120.8875,1.4375,1.7826086956521738,14,0.875
2021-01-01,New Zealand,New Members,65+,593.91,6,6,14,98.985,98.985,1,2.3333333333333335,6,1
2021-01-01,United Kingdom,Existing Members,,8252.54,83,73,151,99.42819277108435,113.04849315068495,1.1369863013698631,1.819277108433735,21,0.2876712328767123
2021-01-01,United Kingdom,Existing Members,0-17,1662.09,19,14,32,87.47842105263157,118.72071428571428,1.3571428571428572,1.6842105263157894,4,0.2857142857142857
2021-01-01,United Kingdom,Existing Members,18-24,980.02,13,10,19,75.38615384615385,98.002,1.3,1.4615384615384615,5,0.5
2021-01-01,United Kingdom,Existing Members,25-34,3170.15,34,29,49,93.23970588235295,109.31551724137931,1.1724137931034482,1.4411764705882353,7,0.2413793103448276
2021-01-01,United Kingdom,Existing Members,35-39,2269.9700000000003,26,22,45,87.30653846153847,103.18045454545455,1.1818181818181819,1.7307692307692308,5,0.22727272727272727
2021-01-01,United Kingdom,Existing Members,40-54,6169.82,81,68,122,76.17061728395062,90.73264705882353,1.1911764705882353,1.5061728395061729,15,0.22058823529411764
2021-01-01,United Kingdom,Existing Members,55-64,3576.5,56,42,74,63.86607142857143,85.1547619047619,1.3333333333333333,1.3214285714285714,12,0.2857142857142857
2021-01-01,United Kingdom,Existing Members,65+,1783.6,26,19,40,68.6,93.8736842105263,1.368421052631579,1.5384615384615385,6,0.3157894736842105
2021-01-01,United Kingdom,New Members,,13741.72,126,114,184,109.06126984126983,120.54140350877192,1.105263157894737,1.4603174603174602,14,0.12280701754385964
2021-01-01,United Kingdom,New Members,18-24,26.99,1,1,1,26.99,26.99,1,1,1,1
2021-01-01,United Kingdom,New Members,35-39,57.980000000000004,1,1,2,57.980000000000004,57.980000000000004,1,2,1,1
2021-01-01,United Kingdom,New Members,40-54,313.97,2,2,3,156.985,156.985,1,1.5,2,1
2021-01-01,United Kingdom,New Members,65+,201.96999999999997,2,1,3,100.98499999999999,201.96999999999997,2,1.5,1,1
2021-02-01,Australia,Existing Members,,2973812.5100000002,26220,21475,46014,113.41771586575135,138.47788172293366,1.220954598370198,1.7549199084668192,7351,0.34230500582072176
2021-02-01,Australia,Existing Members,0-17,161447.26,1377,1094,2449,117.24564996368919,147.57519195612431,1.2586837294332724,1.7785039941902687,377,0.3446069469835466
2021-02-01,Australia,Existing Members,18-24,220332.86,2167,1864,3584,101.67644670050761,118.20432403433476,1.1625536480686696,1.6538994000922935,588,0.315450643776824
2021-02-01,Australia,Existing Members,25-34,543206.3,5504,4574,9538,98.69300508720931,118.75957586357674,1.2033231307389594,1.732921511627907,1416,0.3095758635767381
2021-02-01,Australia,Existing Members,35-39,433998.83,4086,3330,7590,106.21606216348508,130.32997897897897,1.227027027027027,1.8575624082232012,1133,0.34024024024024024
2021-02-01,Australia,Existing Members,40-54,1263980.29,11468,9349,20303,110.21802319497733,135.19951759546476,1.2266552572467644,1.7704046041158006,3065,0.3278425500053482
2021-02-01,Australia,Existing Members,55-64,551651.59,5510,4528,8884,100.1182558983666,121.83118153710247,1.2168727915194346,1.6123411978221416,1311,0.28953180212014135
2021-02-01,Australia,Existing Members,65+,179662.29,1785,1499,2774,100.65114285714286,119.8547631754503,1.19079386257505,1.55406162464986,393,0.2621747831887925
2021-02-01,Australia,New Members,,2365269.6100000003,16219,13721,41208,145.83325790739258,172.38317979739088,1.182056701406603,2.5407238424070533,11990,0.8738430143575541
2021-02-01,Australia,New Members,0-17,1342.83,9,7,23,149.20333333333332,191.83285714285714,1.2857142857142858,2.5555555555555554,5,0.7142857142857143
2021-02-01,Australia,New Members,18-24,3023.09,21,17,39,143.95666666666668,177.82882352941178,1.2352941176470589,1.8571428571428572,12,0.7058823529411765
2021-02-01,Australia,New Members,25-34,8093.05,57,46,107,141.98333333333335,175.9358695652174,1.2391304347826086,1.8771929824561404,28,0.6086956521739131
2021-02-01,Australia,New Members,35-39,4553.95,28,26,68,162.64107142857142,175.15192307692308,1.0769230769230769,2.4285714285714284,15,0.5769230769230769
2021-02-01,Australia,New Members,40-54,15854.84,103,79,220,153.9304854368932,200.69417721518988,1.3037974683544304,2.1359223300970873,42,0.5316455696202531
2021-02-01,Australia,New Members,55-64,4300.95,28,24,57,153.60535714285714,179.20624999999998,1.1666666666666667,2.0357142857142856,11,0.4583333333333333
2021-02-01,Australia,New Members,65+,2539.33,14,13,30,181.38071428571428,195.33307692307693,1.0769230769230769,2.142857142857143,8,0.6153846153846154
2021-02-01,New Zealand,Existing Members,,1850085.2200000002,16666,13454,28811,111.0095535821433,137.51190872602945,1.2387394083543928,1.7287291491659666,4053,0.3012486992715921
2021-02-01,New Zealand,Existing Members,0-17,175450.13999999998,1597,1297,2704,109.86232936756417,135.2738164996145,1.2313030069390902,1.6931747025673136,354,0.27293754818812643
2021-02-01,New Zealand,Existing Members,18-24,232430.16,2299,1881,3922,101.10054806437581,123.567336523126,1.2222222222222223,1.7059591126576772,566,0.3009037745879851
2021-02-01,New Zealand,Existing Members,25-34,662853.49,5977,4831,10526,110.90070102057888,137.2083398882219,1.237217967294556,1.761084155931069,1521,0.31484164769198925
2021-02-01,New Zealand,Existing Members,35-39,461129.36,4103,3303,7423,112.38834023884962,139.60925219497426,1.2422040569179533,1.8091640263222033,1009,0.3054798667877687
2021-02-01,New Zealand,Existing Members,40-54,1162667.9600000002,10509,8307,18306,110.63545151774672,139.96243649933794,1.2650776453593355,1.7419354838709677,2533,0.3049235584446852
2021-02-01,New Zealand,Existing Members,55-64,384857.28,3808,3074,6024,101.06546218487395,125.1975536759922,1.2387768379960964,1.5819327731092436,848,0.27586206896551724
2021-02-01,New Zealand,Existing Members,65+,114747.70999999999,1343,1123,1939,85.44133283693223,102.17961709706144,1.1959038290293855,1.4437825763216678,247,0.21994657168299198
2021-02-01,New Zealand,New Members,,871861.9500000001,6344,5343,15319,137.43095050441363,163.178354856822,1.1873479318734794,2.414722572509458,4492,0.8407261837918772
2021-02-01,New Zealand,New Members,0-17,251.98000000000002,2,2,2,125.99000000000001,125.99000000000001,1,1,1,0.5
2021-02-01,New Zealand,New Members,18-24,2932,25,23,51,117.28,127.47826086956522,1.0869565217391304,2.04,17,0.7391304347826086
2021-02-01,New Zealand,New Members,25-34,5740.52,53,42,116,108.31169811320756,136.67904761904762,1.2619047619047619,2.188679245283019,28,0.6666666666666666
2021-02-01,New Zealand,New Members,35-39,2520.33,17,16,32,148.25470588235294,157.520625,1.0625,1.8823529411764706,9,0.5625
2021-02-01,New Zealand,New Members,40-54,6380.27,53,45,109,120.38245283018868,141.7837777777778,1.1777777777777778,2.056603773584906,23,0.5111111111111111
2021-02-01,New Zealand,New Members,55-64,2207.59,13,11,23,169.8146153846154,200.69000000000003,1.1818181818181819,1.7692307692307692,8,0.7272727272727273
2021-02-01,New Zealand,New Members,65+,1276.79,11,6,24,116.07181818181817,212.79833333333332,1.8333333333333333,2.1818181818181817,4,0.6666666666666666
2021-02-01,United Kingdom,Existing Members,,1766.79,18,18,23,98.155,98.155,1,1.2777777777777777,4,0.2222222222222222
2021-02-01,United Kingdom,Existing Members,0-17,371.96000000000004,4,4,5,92.99000000000001,92.99000000000001,1,1.25,2,0.5
2021-02-01,United Kingdom,Existing Members,18-24,521.95,4,4,5,130.4875,130.4875,1,1.25,2,0.5
2021-02-01,United Kingdom,Existing Members,25-34,1114.83,13,12,20,85.75615384615384,92.90249999999999,1.0833333333333333,1.5384615384615385,5,0.4166666666666667
2021-02-01,United Kingdom,Existing Members,35-39,1012.81,9,8,20,112.53444444444443,126.60125,1.125,2.2222222222222223,4,0.5
2021-02-01,United Kingdom,Existing Members,40-54,1689.74,16,15,28,105.60875,112.64933333333333,1.0666666666666667,1.75,5,0.3333333333333333
2021-02-01,United Kingdom,Existing Members,55-64,371.90999999999997,8,8,10,46.488749999999996,46.488749999999996,1,1.25,2,0.25
2021-02-01,United Kingdom,Existing Members,65+,158.98,2,2,2,79.49,79.49,1,1,1,0.5
2021-02-01,United Kingdom,New Members,,4832.49,41,41,55,117.86560975609756,117.86560975609756,1,1.3414634146341464,6,0.14634146341463414
2021-02-01,United Kingdom,New Members,0-17,126.97,1,1,3,126.97,126.97,1,3,1,1
2021-02-01,United Kingdom,New Members,25-34,24.99,1,1,1,24.99,24.99,1,1,1,1
2021-03-01,Australia,Existing Members,,5986040.319999999,46272,36705,83107,129.36636237897648,163.08514698269988,1.2606456885982835,1.7960537690179805,13851,0.3773600326930936
2021-03-01,Australia,Existing Members,0-17,278805.77999999997,2321,1844,4006,120.12312796208529,151.19619305856833,1.2586767895878526,1.7259801809564843,657,0.35629067245119306
2021-03-01,Australia,Existing Members,18-24,435257.72000000003,3616,2938,5937,120.3699446902655,148.14762423417292,1.2307692307692308,1.6418694690265487,995,0.33866575901974133
2021-03-01,Australia,Existing Members,25-34,1070555.46,8973,7277,16435,119.30853226345704,147.11494571938985,1.233063075443177,1.8316059288978046,2580,0.35454170674728597
2021-03-01,Australia,Existing Members,35-39,849438.16,6822,5367,12854,124.51453532688362,158.27057201416062,1.271101173840134,1.8841981823512166,2069,0.38550400596236256
2021-03-01,Australia,Existing Members,40-54,2330664.43,18845,14864,33629,123.67548049880605,156.7992754305705,1.2678283100107643,1.7845051737861501,5347,0.3597282023681378
2021-03-01,Australia,Existing Members,55-64,1006332.15,9141,7215,14848,110.0899409255005,139.47777546777547,1.2669438669438668,1.6243299420194728,2284,0.31656271656271656
2021-03-01,Australia,Existing Members,65+,320742.54,3025,2430,4728,106.03059173553719,131.9928148148148,1.2448559670781894,1.5629752066115703,670,0.2757201646090535
2021-03-01,Australia,New Members,,4232907.970000001,25338,20537,65231,167.05769871339493,206.1113098310367,1.2337731898524613,2.574433656957929,18266,0.8894190972391294
2021-03-01,Australia,New Members,0-17,3290.4,18,17,38,182.8,193.5529411764706,1.0588235294117647,2.111111111111111,10,0.5882352941176471
2021-03-01,Australia,New Members,18-24,10273.26,57,50,136,180.23263157894738,205.4652,1.14,2.3859649122807016,43,0.86
2021-03-01,Australia,New Members,25-34,33845.64,170,133,402,199.09199999999998,254.4784962406015,1.2781954887218046,2.364705882352941,94,0.706766917293233
2021-03-01,Australia,New Members,35-39,22786.24,134,94,289,170.04656716417912,242.4068085106383,1.425531914893617,2.156716417910448,57,0.6063829787234043
2021-03-01,Australia,New Members,40-54,38275.96,220,163,522,173.98163636363637,234.82184049079754,1.3496932515337423,2.3727272727272726,100,0.6134969325153374
2021-03-01,Australia,New Members,55-64,9344.86,65,48,141,143.76707692307693,194.68458333333334,1.3541666666666667,2.169230769230769,35,0.7291666666666666
2021-03-01,Australia,New Members,65+,3559.45,25,22,46,142.378,161.7931818181818,1.1363636363636365,1.84,12,0.5454545454545454
2021-03-01,New Zealand,Existing Members,,2615573.2900000005,21642,17248,39122,120.85635754551338,151.6450191326531,1.2547541743970316,1.8076887533499677,5795,0.3359809833024119
2021-03-01,New Zealand,Existing Members,0-17,244976.54,2106,1679,3702,116.32314339981006,145.90621798689696,1.254318046456224,1.7578347578347577,550,0.3275759380583681
2021-03-01,New Zealand,Existing Members,18-24,343838.26,3025,2404,5495,113.66554049586777,143.02756239600666,1.2583194675540765,1.8165289256198347,826,0.34359400998336104
2021-03-01,New Zealand,Existing Members,25-34,848522.68,7524,6066,13759,112.77547581073898,139.88174744477416,1.2403560830860534,1.828681552365763,2093,0.34503791625453345
2021-03-01,New Zealand,Existing Members,35-39,634691.8300000001,5234,4138,9944,121.26324608330151,153.38130256162398,1.264862252295795,1.899885364921666,1488,0.3595940067665539
2021-03-01,New Zealand,Existing Members,40-54,1619313.7600000002,13366,10440,24711,121.15171030974115,155.1066819923372,1.2802681992337164,1.8487954511446956,3608,0.3455938697318008
2021-03-01,New Zealand,Existing Members,55-64,591276.34,5343,4231,8673,110.6637357289912,139.74860316709996,1.2628220278893878,1.6232453677709153,1287,0.30418340817773576
2021-03-01,New Zealand,Existing Members,65+,206835.56,2048,1690,3078,100.99392578125,122.38790532544378,1.2118343195266272,1.5029296875,419,0.24792899408284025
2021-03-01,New Zealand,New Members,,1137315.98,7319,6020,18714,155.39226397048776,188.92292026578073,1.2157807308970099,2.5569066812406067,5223,0.8676079734219269
2021-03-01,New Zealand,New Members,0-17,314.97,6,3,4,52.495000000000005,104.99000000000001,2,0.6666666666666666,3,1
2021-03-01,New Zealand,New Members,18-24,5256.83,29,19,57,181.27,276.67526315789473,1.5263157894736843,1.9655172413793103,12,0.631578947368421
2021-03-01,New Zealand,New Members,25-34,11585.4,77,60,189,150.45974025974024,193.09,1.2833333333333334,2.4545454545454546,44,0.7333333333333333
2021-03-01,New Zealand,New Members,35-39,5886.81,32,28,88,183.9628125,210.2432142857143,1.1428571428571428,2.75,20,0.7142857142857143
2021-03-01,New Zealand,New Members,40-54,11793.69,67,48,158,176.02522388059703,245.701875,1.3958333333333333,2.3582089552238807,20,0.4166666666666667
2021-03-01,New Zealand,New Members,55-64,2970.62,23,15,44,129.1573913043478,198.0413333333333,1.5333333333333334,1.9130434782608696,13,0.8666666666666667
2021-03-01,New Zealand,New Members,65+,714.91,6,5,10,119.15166666666666,142.982,1.2,1.6666666666666667,2,0.4
2021-03-01,United Kingdom,Existing Members,,2239.7200000000003,24,21,31,93.32166666666667,106.65333333333335,1.1428571428571428,1.2916666666666667,5,0.23809523809523808
2021-03-01,United Kingdom,Existing Members,0-17,932.88,8,7,12,116.61,133.26857142857142,1.1428571428571428,1.5,1,0.14285714285714285
2021-03-01,United Kingdom,Existing Members,18-24,446.95,5,5,6,89.39,89.39,1,1.2,2,0.4
2021-03-01,United Kingdom,Existing Members,25-34,742.89,10,8,12,74.289,92.86125,1.25,1.2,2,0.25
2021-03-01,United Kingdom,Existing Members,35-39,32.97,2,2,3,16.485,16.485,1,1.5,1,0.5
2021-03-01,United Kingdom,Existing Members,40-54,1712.65,22,22,27,77.84772727272728,77.84772727272728,1,1.2272727272727273,3,0.13636363636363635
2021-03-01,United Kingdom,Existing Members,55-64,1296.76,19,17,24,68.25052631578947,76.28,1.1176470588235294,1.263157894736842,3,0.17647058823529413
2021-03-01,United Kingdom,Existing Members,65+,986.9,8,7,10,123.3625,140.9857142857143,1.1428571428571428,1.25,2,0.2857142857142857
2021-03-01,United Kingdom,New Members,,4284.6,32,30,40,133.89375,142.82000000000002,1.0666666666666667,1.25,4,0.13333333333333333
2021-03-01,United Kingdom,New Members,0-17,359.98,1,1,2,359.98,359.98,1,2,1,1
2021-03-01,United Kingdom,New Members,65+,14.99,1,1,1,14.99,14.99,1,1,1,1
2021-04-01,Australia,Existing Members,,8169694.549999999,62354,48108,114127,131.02117827244442,169.81987507275295,1.296125384551426,1.8303075985502133,19142,0.3978963997671905
2021-04-01,Australia,Existing Members,0-17,390090.63,3066,2379,5424,127.2311252446184,163.97252206809583,1.2887767969735182,1.7690802348336594,832,0.34972677595628415
2021-04-01,Australia,Existing Members,18-24,597333.84,4657,3748,8137,128.26580201846681,159.37402347918888,1.242529348986126,1.7472621859566244,1337,0.35672358591248665
2021-04-01,Australia,Existing Members,25-34,1466974.6600000001,11786,9276,22114,124.46755981673172,158.147332902113,1.270590771884433,1.876293908026472,3421,0.3688012074169901
2021-04-01,Australia,Existing Members,35-39,1123067.76,8622,6548,16414,130.25606123869173,171.51309712889432,1.3167379352474038,1.903734632335885,2512,0.3836285888821014
2021-04-01,Australia,Existing Members,40-54,2916672.5700000003,23219,17720,42405,125.6157702743443,164.5977748306998,1.3103273137697518,1.8263060424652224,6717,0.37906320541760724
2021-04-01,Australia,Existing Members,55-64,1135508.6300000001,10331,8005,17081,109.91275094376151,141.84992254840725,1.2905683947532791,1.6533733423676313,2620,0.32729544034978136
2021-04-01,Australia,Existing Members,65+,346495.82,3392,2666,5244,102.15089033018869,129.96842460615153,1.27231807951988,1.5459905660377358,805,0.30195048762190546
2021-04-01,Australia,New Members,,7212620.759999999,43167,34859,107934,167.0864493710473,206.90842422329953,1.238331564301902,2.5003822364306068,29059,0.8336154221291489
2021-04-01,Australia,New Members,0-17,7230.69,41,33,88,176.35829268292682,219.11181818181817,1.2424242424242424,2.1463414634146343,21,0.6363636363636364
2021-04-01,Australia,New Members,18-24,32193.27,185,130,326,174.0176756756757,247.64053846153845,1.4230769230769231,1.7621621621621621,73,0.5615384615384615
2021-04-01,Australia,New Members,25-34,68340.62,401,305,905,170.42548628428926,224.06760655737705,1.3147540983606558,2.256857855361596,158,0.5180327868852459
2021-04-01,Australia,New Members,35-39,39155.15,230,177,520,170.23978260869566,221.21553672316384,1.2994350282485876,2.260869565217391,98,0.5536723163841808
2021-04-01,Australia,New Members,40-54,79361.72,486,372,1104,163.29572016460907,213.33795698924732,1.3064516129032258,2.271604938271605,202,0.543010752688172
2021-04-01,Australia,New Members,55-64,23213.59,149,112,320,155.79590604026845,207.26419642857144,1.3303571428571428,2.1476510067114094,64,0.5714285714285714
2021-04-01,Australia,New Members,65+,7842.85,53,36,97,147.97830188679245,217.85694444444445,1.4722222222222223,1.830188679245283,15,0.4166666666666667
2021-04-01,New Zealand,Existing Members,,3375445.3100000005,27536,21388,49881,122.58299353573506,157.81958621657006,1.2874509070506825,1.8114831493317838,7490,0.3501963717972695
2021-04-01,New Zealand,Existing Members,0-17,278870.5,2333,1804,4093,119.53300471495928,154.58453436807096,1.2932372505543237,1.7543934847835405,601,0.33314855875831484
2021-04-01,New Zealand,Existing Members,18-24,407604.59,3660,2876,6364,111.3673743169399,141.72621349095968,1.2726008344923505,1.7387978142076503,1021,0.3550069541029207
2021-04-01,New Zealand,Existing Members,25-34,1127300.53,9421,7358,17705,119.65826663836111,153.20746534384344,1.2803751019298721,1.8793121749283515,2742,0.37265561293829846
2021-04-01,New Zealand,Existing Members,35-39,792546.01,6447,4956,12436,122.93252830774003,159.91646690879742,1.3008474576271187,1.92895920583217,1852,0.37368845843422116
2021-04-01,New Zealand,Existing Members,40-54,1987229.05,16153,12300,29362,123.02538537732929,161.563337398374,1.3132520325203252,1.8177428341484554,4467,0.36317073170731706
2021-04-01,New Zealand,Existing Members,55-64,608809,5648,4470,9115,107.79196175637394,136.19888143176735,1.2635346756152126,1.6138456090651558,1323,0.2959731543624161
2021-04-01,New Zealand,Existing Members,65+,223775.12,2221,1793,3367,100.75421882035118,124.80486335750139,1.2387060791968767,1.5159837910850968,496,0.2766313441160067
2021-04-01,New Zealand,New Members,,1546536.12,9978,8142,24754,154.9946001202646,189.94548268238762,1.2254974207811349,2.4808578873521747,6818,0.8373863915499877
2021-04-01,New Zealand,New Members,0-17,1472.42,12,7,22,122.70166666666667,210.3457142857143,1.7142857142857142,1.8333333333333333,6,0.8571428571428571
2021-04-01,New Zealand,New Members,18-24,6343.8,33,26,82,192.23636363636365,243.9923076923077,1.2692307692307692,2.484848484848485,18,0.6923076923076923
2021-04-01,New Zealand,New Members,25-34,15550.51,112,81,242,138.8438392857143,191.9816049382716,1.382716049382716,2.1607142857142856,53,0.654320987654321
2021-04-01,New Zealand,New Members,35-39,5995.77,50,42,115,119.9154,142.7564285714286,1.1904761904761905,2.3,29,0.6904761904761905
2021-04-01,New Zealand,New Members,40-54,18175.33,119,86,247,152.7338655462185,211.34104651162792,1.3837209302325582,2.0756302521008405,48,0.5581395348837209
2021-04-01,New Zealand,New Members,55-64,5395.63,33,28,77,163.5039393939394,192.70107142857142,1.1785714285714286,2.3333333333333335,16,0.5714285714285714
2021-04-01,New Zealand,New Members,65+,1790.73,15,11,31,119.382,162.79363636363635,1.3636363636363635,2.066666666666667,8,0.7272727272727273
2021-04-01,United Kingdom,Existing Members,,2224.64,28,28,38,79.45142857142856,79.45142857142856,1,1.3571428571428572,4,0.14285714285714285
2021-04-01,United Kingdom,Existing Members,0-17,455.91,7,6,9,65.13000000000001,75.985,1.1666666666666667,1.2857142857142858,2,0.3333333333333333
2021-04-01,United Kingdom,Existing Members,18-24,124.96000000000001,4,2,4,31.240000000000002,62.480000000000004,2,1,1,0.5
2021-04-01,United Kingdom,Existing Members,25-34,206.97,3,3,4,68.99,68.99,1,1.3333333333333333,2,0.6666666666666666
2021-04-01,United Kingdom,Existing Members,35-39,851.82,9,7,18,94.64666666666668,121.68857142857144,1.2857142857142858,2,4,0.5714285714285714
2021-04-01,United Kingdom,Existing Members,40-54,1909.7,22,20,33,86.80454545454546,95.485,1.1,1.5,5,0.25
2021-04-01,United Kingdom,Existing Members,55-64,619.84,12,12,16,51.653333333333336,51.653333333333336,1,1.3333333333333333,2,0.16666666666666666
2021-04-01,United Kingdom,Existing Members,65+,216.95999999999998,4,4,4,54.239999999999995,54.239999999999995,1,1,1,0.25
2021-04-01,United Kingdom,New Members,,4530.39,50,44,65,90.60780000000001,102.9634090909091,1.1363636363636365,1.3,8,0.18181818181818182
2021-04-01,United Kingdom,New Members,55-64,119.99,1,1,1,119.99,119.99,1,1,1,1
2021-04-01,United Kingdom,New Members,65+,29.98,1,1,2,29.98,29.98,1,2,1,1
2021-05-01,Australia,Existing Members,,7818173.849999995,59495,46834,100654,131.4089225985376,166.933720160567,1.2703377887859248,1.6918060341205143,17611,0.3760302344450613
2021-05-01,Australia,Existing Members,0-17,322834.62,2566,2026,4382,125.81240062353858,159.34581441263575,1.2665350444225074,1.7077162899454403,723,0.3568608094768016
2021-05-01,Australia,Existing Members,18-24,598001.24,4445,3584,7640,134.53346231721034,166.85302455357143,1.240234375,1.718785151856018,1302,0.36328125
2021-05-01,Australia,Existing Members,25-34,1283378.76,10288,8238,18105,124.74521384136858,155.78766205389658,1.2488468074775432,1.759817262830482,3045,0.3696285506190823
2021-05-01,Australia,Existing Members,35-39,945652.3600000001,7430,5839,13173,127.27488021534322,161.954505908546,1.27247816406919,1.7729475100942127,2157,0.3694125706456585
2021-05-01,Australia,Existing Members,40-54,2623620.2100000004,20684,16195,35319,126.84298056468771,162.00186539055267,1.277184316146959,1.7075517308064205,5792,0.35764124729854896
2021-05-01,Australia,Existing Members,55-64,1023223.1900000001,9182,7370,14343,111.43794271400567,138.8362537313433,1.2458616010854817,1.562077978653888,2254,0.30583446404341924
2021-05-01,Australia,Existing Members,65+,309704.29,3060,2446,4511,101.21055228758169,126.61663532297628,1.2510220768601799,1.4741830065359478,681,0.2784137367130008
2021-05-01,Australia,New Members,,9020814.389999993,57172,47672,135416,157.78378209613086,189.226682119483,1.1992784024165128,2.3685720282655844,39690,0.832564188622252
2021-05-01,Australia,New Members,0-17,5289.56,40,30,73,132.239,176.31866666666667,1.3333333333333333,1.825,16,0.5333333333333333
2021-05-01,Australia,New Members,18-24,25192.75,147,110,325,171.37925170068027,229.025,1.3363636363636364,2.2108843537414966,66,0.6
2021-05-01,Australia,New Members,25-34,62775.72,346,267,648,181.43271676300577,235.11505617977528,1.2958801498127341,1.8728323699421965,144,0.5393258426966292
2021-05-01,Australia,New Members,35-39,31326.88,183,141,337,171.18513661202186,222.17645390070922,1.297872340425532,1.8415300546448088,75,0.5319148936170213
2021-05-01,Australia,New Members,40-54,61930.81,390,286,693,158.7969487179487,216.5412937062937,1.3636363636363635,1.7769230769230768,144,0.5034965034965035
2021-05-01,Australia,New Members,55-64,22259.59,140,118,268,158.99707142857142,188.64059322033899,1.1864406779661016,1.9142857142857144,59,0.5
2021-05-01,Australia,New Members,65+,8139.45,57,47,108,142.79736842105262,173.17978723404255,1.2127659574468086,1.894736842105263,21,0.44680851063829785
2021-05-01,New Zealand,Existing Members,,2841535.79,23830,18819,40026,119.2419550986152,150.99292151548966,1.266273447048196,1.6796475031472933,6214,0.33019820394282373
2021-05-01,New Zealand,Existing Members,0-17,219022.66,1869,1546,3088,117.18708400214018,141.67054333764554,1.2089262613195342,1.6522204387372927,448,0.2897800776196636
2021-05-01,New Zealand,Existing Members,18-24,378788.73,3285,2610,5554,115.30859360730594,145.1297816091954,1.2586206896551724,1.6907153729071538,853,0.3268199233716475
2021-05-01,New Zealand,Existing Members,25-34,939774.93,8140,6476,14158,115.45146560196561,145.11657350216183,1.256948733786288,1.7393120393120394,2128,0.32859789993823346
2021-05-01,New Zealand,Existing Members,35-39,594554.76,5108,4089,8770,116.3967815191856,145.40346294937638,1.2492051846417216,1.7169146436961629,1331,0.32550745903643924
2021-05-01,New Zealand,Existing Members,40-54,1497819.55,13033,10384,21772,114.92515537481778,144.24302291987675,1.2551040061633283,1.6705286580219443,3263,0.31423343605546994
2021-05-01,New Zealand,Existing Members,55-64,523821.92000000004,4844,3869,7511,108.13829892650703,135.38948565520806,1.2520031015766349,1.550578034682081,1097,0.28353579736365986
2021-05-01,New Zealand,Existing Members,65+,185503.15,1878,1543,2661,98.77697018104367,120.22239144523655,1.2171095268956578,1.4169329073482428,366,0.237200259235256
2021-05-01,New Zealand,New Members,,1809355.85,12847,10682,29930,140.83878337355026,169.38362198090246,1.2026774012357238,2.3297267844632987,8673,0.8119266055045872
2021-05-01,New Zealand,New Members,0-17,995.7,8,8,22,124.4625,124.4625,1,2.75,7,0.875
2021-05-01,New Zealand,New Members,18-24,7437.46,41,36,85,181.40146341463415,206.5961111111111,1.1388888888888888,2.073170731707317,24,0.6666666666666666
2021-05-01,New Zealand,New Members,25-34,17624.48,127,110,269,138.77543307086614,160.22254545454544,1.1545454545454545,2.1181102362204722,63,0.5727272727272728
2021-05-01,New Zealand,New Members,35-39,6676.9800000000005,45,39,98,148.37733333333335,171.2046153846154,1.1538461538461537,2.1777777777777776,21,0.5384615384615384
2021-05-01,New Zealand,New Members,40-54,21750.84,140,101,266,155.36314285714286,215.35485148514852,1.386138613861386,1.9,46,0.45544554455445546
2021-05-01,New Zealand,New Members,55-64,5417.58,34,27,65,159.34058823529412,200.6511111111111,1.2592592592592593,1.911764705882353,14,0.5185185185185185
2021-05-01,New Zealand,New Members,65+,1072.85,14,8,17,76.63214285714285,134.10625,1.75,1.2142857142857142,5,0.625
2021-05-01,United Kingdom,Existing Members,,2075.66,26,23,34,79.83307692307692,90.24608695652174,1.1304347826086956,1.3076923076923077,3,0.13043478260869565
2021-05-01,United Kingdom,Existing Members,0-17,525.93,6,6,7,87.65499999999999,87.65499999999999,1,1.1666666666666667,1,0.16666666666666666
2021-05-01,United Kingdom,Existing Members,18-24,12.99,1,1,2,12.99,12.99,1,2,1,1
2021-05-01,United Kingdom,Existing Members,25-34,309.94,6,4,6,51.656666666666666,77.485,1.5,1,1,0.25
2021-05-01,United Kingdom,Existing Members,35-39,219.98000000000002,2,2,2,109.99000000000001,109.99000000000001,1,1,1,0.5
2021-05-01,United Kingdom,Existing Members,40-54,963.78,18,14,22,53.54333333333333,68.84142857142857,1.2857142857142858,1.2222222222222223,2,0.14285714285714285
2021-05-01,United Kingdom,Existing Members,55-64,1006.83,15,15,18,67.122,67.122,1,1.2,2,0.13333333333333333
2021-05-01,United Kingdom,Existing Members,65+,342.45,5,5,6,68.49,68.49,1,1.2,2,0.4
2021-05-01,United Kingdom,New Members,,2141.71,21,20,32,101.98619047619047,107.0855,1.05,1.5238095238095237,5,0.25
2021-05-01,United Kingdom,New Members,40-54,124.99,1,1,1,124.99,124.99,1,1,1,1
2021-05-01,United Kingdom,New Members,55-64,209.97,1,1,3,209.97,209.97,1,3,1,1
2021-05-01,United Kingdom,New Members,65+,264.98,1,1,2,264.98,264.98,1,2,1,1
2021-06-01,Australia,Existing Members,,11926266.319999985,87263,66156,157514,136.6703679680963,180.27490053812178,1.3190489146864985,1.8050491044314314,26277,0.39719753310357336
2021-06-01,Australia,Existing Members,0-17,434106.36,3459,2684,6042,125.50053772766695,161.73858420268255,1.2887481371087928,1.7467476149176062,939,0.34985096870342774
2021-06-01,Australia,Existing Members,18-24,811840.75,6047,4696,10535,134.25512650901274,172.87920570698466,1.2876916524701874,1.7421862080370432,1699,0.3617972742759796
2021-06-01,Australia,Existing Members,25-34,1847453.32,14034,10803,26029,131.64125124697165,171.01298898454132,1.2990835878922522,1.854709990024227,4134,0.38267148014440433
2021-06-01,Australia,Existing Members,35-39,1365328.82,10389,7820,19535,131.42061988641834,174.59447826086958,1.3285166240409207,1.8803542208104727,2973,0.3801790281329923
2021-06-01,Australia,Existing Members,40-54,3714162.3900000006,28736,21705,51626,129.25119675668154,171.12012854181066,1.3239345772863396,1.7965618040089086,8244,0.3798203178991016
2021-06-01,Australia,Existing Members,55-64,1369603.55,12300,9404,19731,111.34988211382114,145.64053062526585,1.3079540621012335,1.6041463414634147,3047,0.3240110591237771
2021-06-01,Australia,Existing Members,65+,433268.67,4224,3226,6493,102.5730752840909,134.30522938623682,1.309361438313701,1.5371685606060606,951,0.2947923124612523
2021-06-01,Australia,New Members,,9226094.619999997,55400,42817,136978,166.53600397111907,215.47737160473636,1.2938785996216455,2.472527075812274,35563,0.8305813111614546
2021-06-01,Australia,New Members,0-17,7101.26,46,30,85,154.37521739130435,236.7086666666667,1.5333333333333334,1.8478260869565217,12,0.4
2021-06-01,Australia,New Members,18-24,23446.71,148,117,294,158.4237162162162,200.39923076923077,1.264957264957265,1.9864864864864864,63,0.5384615384615384
2021-06-01,Australia,New Members,25-34,71307.81,430,316,810,165.83211627906977,225.65762658227848,1.360759493670886,1.8837209302325582,171,0.5411392405063291
2021-06-01,Australia,New Members,35-39,39175.44,216,173,471,181.36777777777777,226.44763005780348,1.2485549132947977,2.1805555555555554,98,0.5664739884393064
2021-06-01,Australia,New Members,40-54,88744.65,516,355,1065,171.9857558139535,249.98492957746478,1.4535211267605634,2.063953488372093,193,0.543661971830986
2021-06-01,Australia,New Members,55-64,18730.6,132,89,213,141.89848484848483,210.45617977528087,1.4831460674157304,1.6136363636363635,31,0.34831460674157305
2021-06-01,Australia,New Members,65+,8427.77,67,46,91,125.78761194029852,183.21239130434785,1.4565217391304348,1.3582089552238805,17,0.3695652173913043
2021-06-01,New Zealand,Existing Members,,3639430.6200000006,29421,23215,51562,123.70179871520345,156.77064914925697,1.2673271591643334,1.7525576968831786,7959,0.3428386818867112
2021-06-01,New Zealand,Existing Members,0-17,258997.87,2305,1834,3898,112.3635010845987,141.22021264994547,1.256815703380589,1.6911062906724512,550,0.2998909487459106
2021-06-01,New Zealand,Existing Members,18-24,480815.97000000003,3900,3038,6981,123.28614615384616,158.2672712310731,1.2837393021724819,1.79,1087,0.3578011849901251
2021-06-01,New Zealand,Existing Members,25-34,1152623.87,9621,7647,17627,119.80291757613554,150.72889629920232,1.2581404472342095,1.8321380313896685,2700,0.35307963907414674
2021-06-01,New Zealand,Existing Members,35-39,733632.23,5937,4706,10989,123.56951827522317,155.8929515512112,1.261580960475988,1.8509348155634158,1606,0.34126646833829155
2021-06-01,New Zealand,Existing Members,40-54,1865828.3100000003,15599,12238,27446,119.6120462850183,152.46186550089885,1.2746363784932178,1.7594717610103212,4063,0.33199869259682957
2021-06-01,New Zealand,Existing Members,55-64,623522.25,5740,4597,9189,108.62756968641115,135.6367739830324,1.2486404176636936,1.6008710801393728,1306,0.28409832499456167
2021-06-01,New Zealand,Existing Members,65+,220748.68,2258,1816,3308,97.76292294065544,121.55764317180616,1.2433920704845816,1.4650132860938885,418,0.2301762114537445
2021-06-01,New Zealand,New Members,,1527376.2600000002,10056,8185,24503,151.88705847255372,186.60675137446552,1.228588882101405,2.436654733492442,6793,0.8299328039095907
2021-06-01,New Zealand,New Members,0-17,3015.01,15,13,42,201.0006666666667,231.92384615384617,1.1538461538461537,2.8,12,0.9230769230769231
2021-06-01,New Zealand,New Members,18-24,6662.14,48,42,91,138.79458333333335,158.62238095238095,1.1428571428571428,1.8958333333333333,28,0.6666666666666666
2021-06-01,New Zealand,New Members,25-34,15024.15,105,85,228,143.08714285714285,176.75470588235294,1.2352941176470589,2.1714285714285713,48,0.5647058823529412
2021-06-01,New Zealand,New Members,35-39,4826.64,32,30,81,150.8325,160.888,1.0666666666666667,2.53125,19,0.6333333333333333
2021-06-01,New Zealand,New Members,40-54,9823.51,75,61,160,130.98013333333333,161.04114754098362,1.2295081967213115,2.1333333333333333,31,0.5081967213114754
2021-06-01,New Zealand,New Members,55-64,3720.93,24,19,48,155.03875,195.83842105263156,1.263157894736842,2,13,0.6842105263157895
2021-06-01,New Zealand,New Members,65+,2375.91,16,13,39,148.494375,182.76230769230767,1.2307692307692308,2.4375,9,0.6923076923076923
2021-06-01,United Kingdom,Existing Members,,1649.75,19,18,26,86.82894736842105,91.65277777777777,1.0555555555555556,1.368421052631579,4,0.2222222222222222
2021-06-01,United Kingdom,Existing Members,0-17,229.96,3,3,4,76.65333333333334,76.65333333333334,1,1.3333333333333333,2,0.6666666666666666
2021-06-01,United Kingdom,Existing Members,18-24,239.95999999999998,1,1,5,239.95999999999998,239.95999999999998,1,5,1,1
2021-06-01,United Kingdom,Existing Members,25-34,241.92,5,5,8,48.384,48.384,1,1.6,1,0.2
2021-06-01,United Kingdom,Existing Members,35-39,269.95,3,2,5,89.98333333333333,134.975,1.5,1.6666666666666667,1,0.5
2021-06-01,United Kingdom,Existing Members,40-54,1198.98,21,18,28,57.09428571428572,66.61,1.1666666666666667,1.3333333333333333,3,0.16666666666666666
2021-06-01,United Kingdom,Existing Members,55-64,1047.8600000000001,11,10,14,95.26,104.78600000000002,1.1,1.2727272727272727,1,0.1
2021-06-01,United Kingdom,Existing Members,65+,139.98,2,1,2,69.99,139.98,2,1,1,1
2021-06-01,United Kingdom,New Members,,2074.74,21,20,27,98.79714285714284,103.737,1.05,1.2857142857142858,3,0.15
2021-07-01,Australia,Existing Members,,8223303.760000002,63335,49766,110118,129.83822152048634,165.2393955712736,1.2726560302214363,1.7386595089602905,18830,0.37837077522806734
2021-07-01,Australia,Existing Members,0-17,305066.35,2562,1977,4351,119.07351678376267,154.30771370763782,1.2959028831562973,1.6982825917252147,696,0.3520485584218513
2021-07-01,Australia,Existing Members,18-24,585886.61,4726,3809,7913,123.97092890393567,153.8163848779207,1.2407456025203465,1.674354633939907,1284,0.33709635074822786
2021-07-01,Australia,Existing Members,25-34,1275325.9800000002,10607,8530,18441,120.23437164136892,149.5106658851114,1.243493552168816,1.7385688696144055,2917,0.34196951934349357
2021-07-01,Australia,Existing Members,35-39,958961.9500000001,7664,6072,13755,125.12551539665972,157.9318099472991,1.2621870882740447,1.7947546972860124,2212,0.36429512516469037
2021-07-01,Australia,Existing Members,40-54,2617195.3400000003,21344,16796,36462,122.61972170164918,155.8225375089307,1.2707787568468683,1.7083020989505247,5746,0.34210526315789475
2021-07-01,Australia,Existing Members,55-64,995893.79,9242,7238,14663,107.75738909326986,137.59239983420835,1.2768720641061067,1.5865613503570655,2196,0.30339872893064385
2021-07-01,Australia,Existing Members,65+,289077.91,2976,2345,4506,97.13639448924731,123.2741620469083,1.26908315565032,1.5141129032258065,661,0.28187633262260126
2021-07-01,Australia,New Members,,4792478.140000001,27841,21924,70067,172.13742825329552,218.59506203247585,1.2698868819558475,2.5166840271541973,18496,0.8436416712278781
2021-07-01,Australia,New Members,0-17,4184.74,24,21,55,174.36416666666665,199.2733333333333,1.1428571428571428,2.2916666666666665,13,0.6190476190476191
2021-07-01,Australia,New Members,18-24,16095.07,101,79,193,159.3571287128713,203.73506329113923,1.2784810126582278,1.9108910891089108,44,0.5569620253164557
2021-07-01,Australia,New Members,25-34,38386.22,247,185,464,155.4097975708502,207.4930810810811,1.335135135135135,1.8785425101214575,85,0.4594594594594595
2021-07-01,Australia,New Members,35-39,25803.4,140,92,298,184.31,280.4717391304348,1.5217391304347827,2.1285714285714286,53,0.5760869565217391
2021-07-01,Australia,New Members,40-54,38307.06,247,194,494,155.08931174089068,197.45907216494845,1.2731958762886597,2,94,0.4845360824742268
2021-07-01,Australia,New Members,55-64,14791.83,104,66,206,142.22913461538462,224.11863636363637,1.5757575757575757,1.9807692307692308,37,0.5606060606060606
2021-07-01,Australia,New Members,65+,3774.06,33,28,65,114.36545454545454,134.78785714285715,1.1785714285714286,1.9696969696969697,9,0.32142857142857145
2021-07-01,New Zealand,Existing Members,,4341607.420000001,36067,27739,66824,120.37617267862592,156.5163639640939,1.3002271170554094,1.852774003937117,9860,0.3554562168787628
2021-07-01,New Zealand,Existing Members,0-17,303630.88,2748,2139,4803,110.4915866084425,141.94992052360917,1.2847124824684433,1.747816593886463,671,0.31369798971482
2021-07-01,New Zealand,Existing Members,18-24,522985.25,4505,3444,7967,116.08995560488346,151.85402148664343,1.3080720092915215,1.7684794672586015,1208,0.3507549361207898
2021-07-01,New Zealand,Existing Members,25-34,1411985.4300000002,11934,9121,23237,118.31619155354451,154.8059894748383,1.3084091656616599,1.9471258588905647,3360,0.3683806600153492
2021-07-01,New Zealand,Existing Members,35-39,966027.3200000001,8001,6078,15773,120.7383227096613,158.93835472194803,1.3163869693978283,1.9713785776777903,2218,0.3649226719315564
2021-07-01,New Zealand,Existing Members,40-54,2099617.72,18195,14001,33222,115.3953129980764,149.96198271552032,1.2995500321405613,1.8258862324814509,4717,0.33690450682094136
2021-07-01,New Zealand,Existing Members,55-64,664935.66,6408,5001,10253,103.76648876404495,132.96053989202161,1.2813437312537492,1.600031210986267,1454,0.2907418516296741
2021-07-01,New Zealand,Existing Members,65+,247730.05,2536,2033,3802,97.68535094637224,121.85442695523855,1.2474176094441711,1.499211356466877,511,0.2513526807673389
2021-07-01,New Zealand,New Members,,1619899.56,10334,8123,26428,156.7543603638475,199.4213418687677,1.2721900775575525,2.557383394619702,7063,0.8695063400221593
2021-07-01,New Zealand,New Members,0-17,1272.72,12,10,22,106.06,127.272,1.2,1.8333333333333333,8,0.8
2021-07-01,New Zealand,New Members,18-24,5364.66,33,26,81,162.56545454545454,206.33307692307693,1.2692307692307692,2.4545454545454546,18,0.6923076923076923
2021-07-01,New Zealand,New Members,25-34,16093.12,102,68,259,157.7756862745098,236.66352941176473,1.5,2.5392156862745097,47,0.6911764705882353
2021-07-01,New Zealand,New Members,35-39,6133.71,47,33,90,130.5044680851064,185.87,1.4242424242424243,1.9148936170212767,27,0.8181818181818182
2021-07-01,New Zealand,New Members,40-54,13498.81,78,57,207,173.06166666666667,236.82122807017544,1.368421052631579,2.6538461538461537,42,0.7368421052631579
2021-07-01,New Zealand,New Members,55-64,1472.17,9,8,28,163.57444444444445,184.02125,1.125,3.111111111111111,8,1
2021-07-01,New Zealand,New Members,65+,1121.03,10,9,21,112.103,124.55888888888889,1.1111111111111112,2.1,6,0.6666666666666666
2021-07-01,United Kingdom,Existing Members,,1671.94,21,19,32,79.61619047619048,87.99684210526316,1.105263157894737,1.5238095238095237,3,0.15789473684210525
2021-07-01,United Kingdom,Existing Members,0-17,658.61,9,8,14,73.17888888888889,82.32625,1.125,1.5555555555555556,2,0.25
2021-07-01,United Kingdom,Existing Members,18-24,99.97,1,1,3,99.97,99.97,1,3,1,1
2021-07-01,United Kingdom,Existing Members,25-34,539.88,9,9,13,59.986666666666665,59.986666666666665,1,1.4444444444444444,3,0.3333333333333333
2021-07-01,United Kingdom,Existing Members,35-39,281.40999999999997,7,7,9,40.201428571428565,40.201428571428565,1,1.2857142857142858,1,0.14285714285714285
2021-07-01,United Kingdom,Existing Members,40-54,1727.12,27,25,41,63.9674074074074,69.0848,1.08,1.5185185185185186,7,0.28
2021-07-01,United Kingdom,Existing Members,55-64,949.04,17,16,22,55.82588235294117,59.315,1.0625,1.2941176470588236,2,0.125
2021-07-01,United Kingdom,Existing Members,65+,376.91,8,8,10,47.11375,47.11375,1,1.25,2,0.25
2021-07-01,United Kingdom,New Members,,2500.96,20,20,31,125.048,125.048,1,1.55,2,0.1
2021-08-01,Australia,Existing Members,,3645228.2300000004,32888,26004,61020,110.8376377402092,140.17951968927858,1.2647285033071836,1.8553879834590123,9763,0.3754422396554376
2021-08-01,Australia,Existing Members,0-17,137919.2,1312,1037,2394,105.12134146341464,132.9982642237223,1.2651880424300868,1.8246951219512195,344,0.3317261330761813
2021-08-01,Australia,Existing Members,18-24,260661.66,2395,1972,4337,108.83576617954071,132.181369168357,1.2145030425963488,1.8108559498956158,713,0.36156186612576063
2021-08-01,Australia,Existing Members,25-34,658633.39,6444,5199,12211,102.2087818125388,126.68462973648779,1.239469128678592,1.8949410304158907,1998,0.38430467397576457
2021-08-01,Australia,Existing Members,35-39,483047.14,4593,3638,8909,105.17028957108644,132.7782133040132,1.2625068719076415,1.93969083387764,1432,0.39362286970863114
2021-08-01,Australia,Existing Members,40-54,1383860.9300000002,13068,10169,24488,105.89691842669117,136.0862356180549,1.2850821123020946,1.8738904193449648,3841,0.3777165896351657
2021-08-01,Australia,Existing Members,55-64,558423.4500000001,5951,4601,10270,93.83690976306504,121.37001738752447,1.2934144751141057,1.7257603764073266,1516,0.32949358835035863
2021-08-01,Australia,Existing Members,65+,153667.6,1839,1431,2951,83.56041326808048,107.38476589797345,1.2851153039832286,1.6046764545948886,421,0.2941998602375961
2021-08-01,Australia,New Members,,2655048.46,20096,16585,48209,132.1182553742038,160.08733554416642,1.2116973168525775,2.398935111464968,12303,0.7418148929755803
2021-08-01,Australia,New Members,0-17,50701.04,324,300,545,156.4846913580247,169.00346666666667,1.08,1.6820987654320987,64,0.21333333333333335
2021-08-01,Australia,New Members,18-24,81634.93000000001,519,477,801,157.29273603082854,171.1424109014675,1.0880503144654088,1.5433526011560694,101,0.21174004192872117
2021-08-01,Australia,New Members,25-34,158767.65,994,904,1769,159.72600603621729,175.6279314159292,1.0995575221238938,1.7796780684104627,231,0.2555309734513274
2021-08-01,Australia,New Members,35-39,67508.09,448,407,883,150.68770089285712,165.86754299754298,1.1007371007371007,1.9709821428571428,102,0.25061425061425063
2021-08-01,Australia,New Members,40-54,163115.66,1041,930,2088,156.69131604226706,175.39318279569892,1.1193548387096774,2.005763688760807,248,0.26666666666666666
2021-08-01,Australia,New Members,55-64,51188.94,377,327,744,135.77968169761274,156.5411009174312,1.1529051987767585,1.973474801061008,89,0.27217125382262997
2021-08-01,Australia,New Members,65+,21491.83,162,142,286,132.66561728395064,151.35091549295777,1.1408450704225352,1.7654320987654322,37,0.2605633802816901
2021-08-01,New Zealand,Existing Members,,1828962.3800000001,17956,13941,33759,101.85800735130319,131.19305501757407,1.2879994261530736,1.8800957897081756,5157,0.3699160748870239
2021-08-01,New Zealand,Existing Members,0-17,136194.27,1346,1077,2442,101.1844502228826,126.45707520891364,1.2497678737233056,1.8142644873699851,385,0.3574744661095636
2021-08-01,New Zealand,Existing Members,18-24,244693.59,2501,1976,4679,97.8383006797281,123.83278846153846,1.2656882591093117,1.8708516593362654,754,0.3815789473684211
2021-08-01,New Zealand,Existing Members,25-34,623317.09,6493,5033,12490,95.99831972893885,123.84603417444863,1.2900854361215974,1.9236100415832436,1987,0.39479435724220147
2021-08-01,New Zealand,Existing Members,35-39,380953.78,3847,2985,7360,99.02619703665195,127.6227068676717,1.2887772194304858,1.9131791005978684,1128,0.3778894472361809
2021-08-01,New Zealand,Existing Members,40-54,920248.27,9396,7253,17100,97.94042890591741,126.87829449882807,1.2954639459533985,1.8199233716475096,2549,0.35144078312422444
2021-08-01,New Zealand,Existing Members,55-64,301759.9,3352,2655,5662,90.02383651551314,113.65721280602638,1.2625235404896422,1.6891408114558473,815,0.3069679849340866
2021-08-01,New Zealand,Existing Members,65+,107048.68,1269,1032,2007,84.35672182821118,103.72934108527132,1.2296511627906976,1.5815602836879432,288,0.27906976744186046
2021-08-01,New Zealand,New Members,,871873.78,7513,6203,18264,116.04868627711966,140.55679187489923,1.2111881347734967,2.4309862904299213,4943,0.7968724810575528
2021-08-01,New Zealand,New Members,0-17,17758.69,125,121,249,142.06951999999998,146.76603305785122,1.0330578512396693,1.992,31,0.256198347107438
2021-08-01,New Zealand,New Members,18-24,23506.04,188,177,352,125.03212765957447,132.80248587570622,1.0621468926553672,1.872340425531915,55,0.3107344632768362
2021-08-01,New Zealand,New Members,25-34,63236.64,426,372,821,148.44281690140846,169.9909677419355,1.1451612903225807,1.9272300469483568,107,0.28763440860215056
2021-08-01,New Zealand,New Members,35-39,19725.36,168,152,357,117.41285714285715,129.7721052631579,1.105263157894737,2.125,60,0.39473684210526316
2021-08-01,New Zealand,New Members,40-54,48096.01,336,306,671,143.14288690476192,157.17650326797386,1.0980392156862746,1.9970238095238095,99,0.3235294117647059
2021-08-01,New Zealand,New Members,55-64,16897.51,125,110,221,135.18007999999998,153.61372727272726,1.1363636363636365,1.768,28,0.2545454545454545
2021-08-01,New Zealand,New Members,65+,4988.98,44,39,88,113.38590909090908,127.9225641025641,1.1282051282051282,2,12,0.3076923076923077
2021-08-01,United Kingdom,Existing Members,,2389.51,31,29,49,77.0809677419355,82.39689655172414,1.0689655172413792,1.5806451612903225,5,0.1724137931034483
2021-08-01,United Kingdom,Existing Members,0-17,796.98,5,4,8,159.39600000000002,199.245,1.25,1.6,2,0.5
2021-08-01,United Kingdom,Existing Members,18-24,341.95,4,4,5,85.4875,85.4875,1,1.25,1,0.25
2021-08-01,United Kingdom,Existing Members,25-34,473.83,9,8,14,52.647777777777776,59.22875,1.125,1.5555555555555556,3,0.375
2021-08-01,United Kingdom,Existing Members,35-39,658.03,9,8,18,73.11444444444444,82.25375,1.125,2,2,0.25
2021-08-01,United Kingdom,Existing Members,40-54,1775.49,25,24,33,71.0196,73.97875,1.0416666666666667,1.32,3,0.125
2021-08-01,United Kingdom,Existing Members,55-64,933.91,15,12,17,62.260666666666665,77.82583333333334,1.25,1.1333333333333333,3,0.25
2021-08-01,United Kingdom,Existing Members,65+,65.99,1,1,1,65.99,65.99,1,1,1,1
2021-08-01,United Kingdom,New Members,,1518.43,16,15,17,94.901875,101.22866666666667,1.0666666666666667,1.0625,2,0.13333333333333333
2021-08-01,United Kingdom,New Members,0-17,200,1,1,1,200,200,1,1,1,1
2021-08-01,United Kingdom,New Members,18-24,40,1,1,1,40,40,1,1,1,1
2021-08-01,United Kingdom,New Members,25-34,198.98,3,2,5,66.32666666666667,99.49,1.5,1.6666666666666667,2,1
2021-08-01,United Kingdom,New Members,35-39,156.98000000000002,3,3,3,52.326666666666675,52.326666666666675,1,1,1,0.3333333333333333
2021-08-01,United Kingdom,New Members,40-54,270,2,1,2,135,270,2,1,1,1
2021-09-01,Australia,Existing Members,,1516377.1600000001,12354,10608,20411,122.74382062489883,142.94656485671192,1.1645927601809956,1.6521774324105554,3201,0.30175339366515835
2021-09-01,Australia,Existing Members,0-17,66839.47,563,482,959,118.72019538188277,138.67109958506225,1.1680497925311204,1.7033747779751331,135,0.2800829875518672
2021-09-01,Australia,Existing Members,18-24,107908.49,990,870,1644,108.99847474747476,124.03274712643679,1.1379310344827587,1.6606060606060606,312,0.3586206896551724
2021-09-01,Australia,Existing Members,25-34,265737.89,2580,2246,4426,102.99918217054264,118.31606856634016,1.1487088156723064,1.7155038759689922,731,0.3254674977738201
2021-09-01,Australia,Existing Members,35-39,191889.49,1778,1528,3083,107.9243475815523,125.58212696335077,1.1636125654450262,1.7339707536557931,503,0.32918848167539266
2021-09-01,Australia,Existing Members,40-54,647438.23,5596,4747,9471,115.69661007862759,136.38892563724457,1.1788497998736043,1.6924588992137242,1447,0.30482409943121974
2021-09-01,Australia,Existing Members,55-64,276846.32,2633,2235,4114,105.1448233953665,123.8685995525727,1.178076062639821,1.5624762628180782,570,0.2550335570469799
2021-09-01,Australia,Existing Members,65+,75030.2,739,633,1080,101.52936400541272,118.53112164296998,1.1674565560821486,1.4614343707713127,148,0.23380726698262244
2021-09-01,Australia,New Members,,619671.88,3649,3164,9464,169.81964373801043,195.85078381795196,1.1532869785082174,2.5935872841874485,2758,0.8716814159292036
2021-09-01,Australia,New Members,0-17,20567.06,115,105,183,178.84400000000002,195.8767619047619,1.0952380952380953,1.5913043478260869,20,0.19047619047619047
2021-09-01,Australia,New Members,18-24,32584.43,166,157,290,196.2917469879518,207.54414012738854,1.0573248407643312,1.7469879518072289,35,0.2229299363057325
2021-09-01,Australia,New Members,25-34,58565.3,345,296,634,169.7544927536232,197.85574324324324,1.1655405405405406,1.8376811594202898,72,0.24324324324324326
2021-09-01,Australia,New Members,35-39,27473.13,151,138,262,181.9412582781457,199.08065217391305,1.0942028985507246,1.7350993377483444,38,0.2753623188405797
2021-09-01,Australia,New Members,40-54,66961.62,398,368,752,168.24527638190955,181.96092391304347,1.0815217391304348,1.8894472361809045,83,0.22554347826086957
2021-09-01,Australia,New Members,55-64,29168.76,154,138,290,189.40753246753246,211.3678260869565,1.1159420289855073,1.8831168831168832,33,0.2391304347826087
2021-09-01,Australia,New Members,65+,11062.84,67,61,121,165.11701492537313,181.35803278688525,1.098360655737705,1.8059701492537314,12,0.19672131147540983
2021-09-01,New Zealand,Existing Members,,744554,6946,5952,11540,107.19176504463,125.09307795698925,1.167002688172043,1.6613878491217968,1760,0.2956989247311828
2021-09-01,New Zealand,Existing Members,0-17,70897.34,647,556,1072,109.57857805255023,127.51320143884891,1.1636690647482015,1.6568778979907264,158,0.2841726618705036
2021-09-01,New Zealand,Existing Members,18-24,95632.53,972,835,1676,98.38737654320988,114.52997604790419,1.164071856287425,1.7242798353909465,279,0.3341317365269461
2021-09-01,New Zealand,Existing Members,25-34,222787.38,2532,2166,4337,87.98869668246445,102.85659279778393,1.1689750692520775,1.712875197472354,734,0.33887349953831947
2021-09-01,New Zealand,Existing Members,35-39,178573.58,1714,1482,3213,104.18528588098016,120.49499325236167,1.156545209176788,1.8745624270711785,493,0.33265856950067474
2021-09-01,New Zealand,Existing Members,40-54,480648.47,4505,3754,7627,106.69222419533851,128.03635322322856,1.2000532765050613,1.693007769145394,1183,0.3151305274374001
2021-09-01,New Zealand,Existing Members,55-64,160273.09,1737,1480,2584,92.27005757052389,108.29262837837838,1.1736486486486486,1.48762233736327,369,0.24932432432432433
2021-09-01,New Zealand,Existing Members,65+,60797.88,682,587,937,89.14645161290322,103.57390119250425,1.161839863713799,1.3739002932551319,129,0.21976149914821125
2021-09-01,New Zealand,New Members,,197260.9,1286,1113,3169,153.39105754276827,177.23351302785264,1.155435759209344,2.464230171073095,945,0.8490566037735849
2021-09-01,New Zealand,New Members,0-17,8352.51,64,54,122,130.50796875,154.6761111111111,1.1851851851851851,1.90625,26,0.48148148148148145
2021-09-01,New Zealand,New Members,18-24,10775.07,85,79,165,126.7655294117647,136.3932911392405,1.0759493670886076,1.9411764705882353,35,0.4430379746835443
2021-09-01,New Zealand,New Members,25-34,22213.95,170,153,313,130.67029411764707,145.1892156862745,1.1111111111111112,1.8411764705882352,64,0.41830065359477125
2021-09-01,New Zealand,New Members,35-39,8748.36,75,64,171,116.6448,136.693125,1.171875,2.28,27,0.421875
2021-09-01,New Zealand,New Members,40-54,21718.35,153,131,355,141.95,165.78893129770992,1.16793893129771,2.320261437908497,66,0.5038167938931297
2021-09-01,New Zealand,New Members,55-64,7926.53,56,49,124,141.54517857142858,161.76591836734693,1.1428571428571428,2.2142857142857144,25,0.5102040816326531
2021-09-01,New Zealand,New Members,65+,3992.48,26,18,44,153.55692307692308,221.80444444444444,1.4444444444444444,1.6923076923076923,8,0.4444444444444444
2021-09-01,United Kingdom,Existing Members,,1643.98,13,12,21,126.46000000000001,136.99833333333333,1.0833333333333333,1.6153846153846154,4,0.3333333333333333
2021-09-01,United Kingdom,Existing Members,0-17,440,3,3,5,146.66666666666666,146.66666666666666,1,1.6666666666666667,1,0.3333333333333333
2021-09-01,United Kingdom,Existing Members,25-34,175,2,2,2,87.5,87.5,1,1,1,0.5
2021-09-01,United Kingdom,Existing Members,35-39,119.99000000000001,2,2,2,59.995000000000005,59.995000000000005,1,1,1,0.5
2021-09-01,United Kingdom,Existing Members,40-54,315,5,4,5,63,78.75,1.25,1,1,0.25
2021-09-01,United Kingdom,Existing Members,55-64,339.99,3,3,5,113.33,113.33,1,1.6666666666666667,1,0.3333333333333333
2021-09-01,United Kingdom,Existing Members,65+,100,2,2,2,50,50,1,1,1,0.5
2021-09-01,United Kingdom,New Members,,489.99,5,4,5,97.998,122.4975,1.25,1,1,0.25
2021-09-01,United Kingdom,New Members,0-17,184.99,1,1,2,184.99,184.99,1,2,1,1
2021-09-01,United Kingdom,New Members,18-24,120,1,1,1,120,120,1,1,1,1
2021-09-01,United Kingdom,New Members,25-34,449.99,4,4,5,112.4975,112.4975,1,1.25,2,0.5
2021-09-01,United Kingdom,New Members,35-39,290,2,2,4,145,145,1,2,2,1
2021-09-01,United Kingdom,New Members,40-54,880,6,6,8,146.66666666666666,146.66666666666666,1,1.3333333333333333,1,0.16666666666666666
2021-09-01,United Kingdom,New Members,65+,300,2,1,2,150,300,2,1,1,1
2021-10-01,Australia,Existing Members,,2750219.22,22984,18757,43581,119.65798903585103,146.62361891560485,1.2253558671429332,1.896145144448312,6513,0.34723036732953033
2021-10-01,Australia,Existing Members,0-17,116130.3,997,820,1902,116.47973921765296,141.62231707317073,1.2158536585365853,1.9077231695085255,256,0.3121951219512195
2021-10-01,Australia,Existing Members,18-24,196642.31,1897,1580,3554,103.65962572482867,124.4571582278481,1.200632911392405,1.8734844491302056,544,0.34430379746835443
2021-10-01,Australia,Existing Members,25-34,582388.37,5585,4610,10859,104.27723724261415,126.33153362255965,1.2114967462039046,1.9443151298119965,1619,0.3511930585683297
2021-10-01,Australia,Existing Members,35-39,396215.28,3723,3070,7149,106.42365834004836,129.06035179153096,1.2127035830618893,1.9202256244963738,1066,0.3472312703583062
2021-10-01,Australia,Existing Members,40-54,1174420.08,10589,8553,19351,110.90944187364246,137.31089442300947,1.238045130363615,1.82746246104448,2860,0.3343855956974161
2021-10-01,Australia,Existing Members,55-64,505629.08,4820,3926,8303,104.90229875518672,128.7898828323994,1.227712684666327,1.7226141078838175,1110,0.282730514518594
2021-10-01,Australia,Existing Members,65+,147039.41,1503,1269,2359,97.83061210911511,115.87029944838456,1.1843971631205674,1.569527611443779,346,0.272655634357762
2021-10-01,Australia,New Members,,1003514.89,6332,5256,17761,158.4830843335439,190.9274904870624,1.204718417047184,2.8049589387239418,4659,0.8864155251141552
2021-10-01,Australia,New Members,0-17,27873.46,165,139,375,168.9300606060606,200.5284892086331,1.1870503597122302,2.272727272727273,51,0.3669064748201439
2021-10-01,Australia,New Members,18-24,37771.97,212,180,399,178.16966981132077,209.8442777777778,1.1777777777777778,1.8820754716981132,57,0.31666666666666665
2021-10-01,Australia,New Members,25-34,104675.61,596,508,1284,175.63021812080538,206.0543503937008,1.1732283464566928,2.1543624161073827,162,0.3188976377952756
2021-10-01,Australia,New Members,35-39,70328.4,414,348,875,169.87536231884056,202.09310344827585,1.1896551724137931,2.1135265700483092,103,0.2959770114942529
2021-10-01,Australia,New Members,40-54,116393.97,667,563,1611,174.50370314842579,206.73884547069272,1.1847246891651866,2.4152923538230886,185,0.3285968028419183
2021-10-01,Australia,New Members,55-64,31713.64,212,174,403,149.59264150943395,182.26229885057472,1.2183908045977012,1.900943396226415,51,0.29310344827586204
2021-10-01,Australia,New Members,65+,15793.84,112,92,217,141.01642857142858,171.67217391304348,1.2173913043478262,1.9375,28,0.30434782608695654
2021-10-01,New Zealand,Existing Members,,1523437.2300000002,12608,10117,23634,120.83099857233505,150.5819145991895,1.2462192349510726,1.874524111675127,3625,0.3583077987545715
2021-10-01,New Zealand,Existing Members,0-17,139864.18,1187,983,2138,117.8299747262005,142.282990844354,1.207527975584944,1.801179443976411,329,0.3346897253306205
2021-10-01,New Zealand,Existing Members,18-24,213980.69,1875,1561,3559,114.12303466666667,137.07923766816143,1.2011531069827035,1.8981333333333332,603,0.3862908392056374
2021-10-01,New Zealand,Existing Members,25-34,613965.87,5395,4321,10564,113.8027562557924,142.08883823189078,1.2485535755612127,1.958109360518999,1732,0.4008331404767415
2021-10-01,New Zealand,Existing Members,35-39,440819.65,3698,2901,7397,119.20488101676582,151.95437780075838,1.2747328507411237,2.0002704164413196,1162,0.40055153395380905
2021-10-01,New Zealand,Existing Members,40-54,963992.3500000001,8147,6478,15526,118.32482508898983,148.81018061129978,1.257641247298549,1.9057321713514177,2358,0.36400123494905834
2021-10-01,New Zealand,Existing Members,55-64,303777.7,2973,2390,4953,102.17884291960982,127.10364016736402,1.2439330543933054,1.6659939455095862,753,0.31506276150627616
2021-10-01,New Zealand,Existing Members,65+,93904.64,953,800,1472,98.53582371458552,117.3808,1.19125,1.5445960125918152,219,0.27375
2021-10-01,New Zealand,New Members,,354611.48,2181,1768,5622,162.59123337918385,200.5721040723982,1.2335972850678734,2.577716643741403,1504,0.8506787330316742
2021-10-01,New Zealand,New Members,0-17,25921.88,167,137,376,155.2208383233533,189.21080291970804,1.218978102189781,2.251497005988024,60,0.43795620437956206
2021-10-01,New Zealand,New Members,18-24,26669.43,155,122,323,172.06083870967743,218.60188524590166,1.2704918032786885,2.0838709677419356,63,0.5163934426229508
2021-10-01,New Zealand,New Members,25-34,91392.33,541,447,1222,168.9322181146026,204.45711409395975,1.2102908277404922,2.258780036968577,206,0.4608501118568233
2021-10-01,New Zealand,New Members,35-39,45737.78,241,211,609,189.78331950207468,216.7667298578199,1.1421800947867298,2.5269709543568464,76,0.36018957345971564
2021-10-01,New Zealand,New Members,40-54,75562.76,435,361,985,173.70749425287354,209.3151246537396,1.2049861495844876,2.264367816091954,164,0.45429362880886426
2021-10-01,New Zealand,New Members,55-64,21749.29,122,108,288,178.27286885245903,201.38231481481483,1.1296296296296295,2.360655737704918,45,0.4166666666666667
2021-10-01,New Zealand,New Members,65+,8292.89,63,56,131,131.63317460317458,148.0873214285714,1.125,2.0793650793650795,26,0.4642857142857143
2021-10-01,United Kingdom,Existing Members,,1146.96,14,14,19,81.92571428571429,81.92571428571429,1,1.3571428571428572,3,0.21428571428571427
2021-10-01,United Kingdom,Existing Members,0-17,40,1,1,1,40,40,1,1,1,1
2021-10-01,United Kingdom,Existing Members,18-24,60,1,1,1,60,60,1,1,1,1
2021-10-01,United Kingdom,Existing Members,25-34,100,2,2,4,50,50,1,2,2,1
2021-10-01,United Kingdom,Existing Members,35-39,420,4,3,4,105,140,1.3333333333333333,1,1,0.3333333333333333
2021-10-01,United Kingdom,Existing Members,40-54,399.99,6,5,6,66.665,79.998,1.2,1,1,0.2
2021-10-01,United Kingdom,Existing Members,55-64,224.98,4,4,4,56.245,56.245,1,1,1,0.25
2021-10-01,United Kingdom,Existing Members,65+,234.99,2,2,3,117.495,117.495,1,1.5,1,0.5
2021-10-01,United Kingdom,New Members,,70,1,1,1,70,70,1,1,1,1
2021-10-01,United Kingdom,New Members,0-17,305,2,2,2,152.5,152.5,1,1,1,0.5
2021-10-01,United Kingdom,New Members,18-24,120,1,1,1,120,120,1,1,1,1
2021-10-01,United Kingdom,New Members,25-34,899.98,7,7,10,128.56857142857143,128.56857142857143,1,1.4285714285714286,1,0.14285714285714285
2021-10-01,United Kingdom,New Members,35-39,120,1,1,1,120,120,1,1,1,1
2021-10-01,United Kingdom,New Members,40-54,210,3,3,4,70,70,1,1.3333333333333333,1,0.3333333333333333
2021-10-01,United Kingdom,New Members,55-64,180,1,1,1,180,180,1,1,1,1
2021-10-01,United Kingdom,New Members,65+,180,4,2,4,45,90,2,1,1,0.5
2021-11-01,Australia,Existing Members,,5751858.540000001,47948,37048,93831,119.96034328856263,155.25422532930256,1.2942129129777586,1.9569325102194044,14356,0.3874973007989635
2021-11-01,Australia,Existing Members,0-17,260453.55,2345,1814,4553,111.0676119402985,143.57968577728775,1.292723263506064,1.9415778251599147,662,0.3649393605292172
2021-11-01,Australia,Existing Members,18-24,436784.1,3903,3072,7349,111.9098385857033,142.18232421874998,1.2705078125,1.8829105816038945,1073,0.3492838541666667
2021-11-01,Australia,Existing Members,25-34,1064828.3,9991,7703,19623,106.57875087578822,138.23553161106062,1.2970271322861222,1.9640676608948053,2819,0.3659613137738543
2021-11-01,Australia,Existing Members,35-39,739003.15,6858,5219,13508,107.75782298046077,141.59861084498948,1.3140448361755126,1.9696704578594342,1985,0.38034106150603564
2021-11-01,Australia,Existing Members,40-54,2169304.04,19230,14608,37016,112.80832241289652,148.50109802847754,1.3164019715224535,1.9249089963598545,5199,0.3559008762322015
2021-11-01,Australia,Existing Members,55-64,931722.62,9183,6971,16291,101.46168136774475,133.65695309137857,1.3173145890116196,1.7740389850811282,2179,0.3125806914359489
2021-11-01,Australia,Existing Members,65+,280109.69,2978,2303,4801,94.05966756212223,121.62817629179331,1.293095961788971,1.612155809267965,671,0.29135909683022143
2021-11-01,Australia,New Members,,2898240.5100000002,20158,16071,56277,143.77619357079075,180.33977412731008,1.2543090037956568,2.7917948209147734,14566,0.906353058303777
2021-11-01,Australia,New Members,0-17,67825.62,445,369,858,152.41712359550561,183.8092682926829,1.2059620596205962,1.9280898876404495,120,0.3252032520325203
2021-11-01,Australia,New Members,18-24,86050.03,519,435,959,165.79967244701348,197.81616091954024,1.193103448275862,1.8477842003853564,138,0.31724137931034485
2021-11-01,Australia,New Members,25-34,265910.79,1556,1283,3341,170.893823907455,207.25704598597036,1.2127825409197195,2.147172236503856,468,0.36477007014809043
2021-11-01,Australia,New Members,35-39,121240.39,793,609,1784,152.88825977301386,199.0811001642036,1.3021346469622332,2.24968474148802,196,0.3218390804597701
2021-11-01,Australia,New Members,40-54,222033.32,1388,1120,3138,159.9663688760807,198.24403571428573,1.2392857142857143,2.260806916426513,377,0.3366071428571429
2021-11-01,Australia,New Members,55-64,70393.16,447,357,964,157.47910514541388,197.1797198879552,1.2521008403361344,2.156599552572707,123,0.3445378151260504
2021-11-01,Australia,New Members,65+,27224.2,194,161,401,140.33092783505154,169.0944099378882,1.204968944099379,2.0670103092783507,62,0.38509316770186336
2021-11-01,New Zealand,Existing Members,,2690773.22,22433,17200,42305,119.94709668791513,156.4403034883721,1.3042441860465117,1.8858378281995274,5728,0.3330232558139535
2021-11-01,New Zealand,Existing Members,0-17,232949.76,2112,1611,3778,110.29818181818182,144.59947858472998,1.3109869646182495,1.7888257575757576,538,0.3339540657976412
2021-11-01,New Zealand,Existing Members,18-24,384665.5,3407,2624,6306,112.90446140299383,146.5950838414634,1.2983993902439024,1.8508952157323157,913,0.3479420731707317
2021-11-01,New Zealand,Existing Members,25-34,1015915.5900000001,8958,6739,17394,113.40875083724046,150.75168274224663,1.3292773408517584,1.941728064300067,2464,0.36563288321709453
2021-11-01,New Zealand,Existing Members,35-39,659998.11,5715,4269,11296,115.48523359580052,154.60250878425862,1.3387210119465918,1.9765529308836396,1616,0.37854298430545796
2021-11-01,New Zealand,Existing Members,40-54,1568187.6500000001,13740,10373,25957,114.13301673944689,151.17975995372603,1.3245926925672418,1.889155749636099,3620,0.3489829364696809
2021-11-01,New Zealand,Existing Members,55-64,480193.27,4824,3709,8201,99.54255182421228,129.46704502561337,1.3006201132380695,1.7000414593698177,1125,0.30331625775141546
2021-11-01,New Zealand,Existing Members,65+,161386.51,1802,1464,2801,89.55966148723641,110.23668715846995,1.2308743169398908,1.5543840177580466,344,0.23497267759562843
2021-11-01,New Zealand,New Members,,817503.54,5520,4390,13891,148.09846739130435,186.21948519362186,1.2574031890660593,2.5164855072463768,3653,0.832118451025057
2021-11-01,New Zealand,New Members,0-17,50726.39,322,241,708,157.53537267080745,210.48294605809127,1.3360995850622406,2.198757763975155,94,0.3900414937759336
2021-11-01,New Zealand,New Members,18-24,48826.75,322,261,673,151.6358695652174,187.0756704980843,1.2337164750957854,2.090062111801242,136,0.5210727969348659
2021-11-01,New Zealand,New Members,25-34,193508.44,1124,887,2448,172.16053380782918,218.16058624577227,1.2671927846674182,2.1779359430604983,377,0.4250281848928974
2021-11-01,New Zealand,New Members,35-39,78615.77,498,384,1104,157.8629919678715,204.72856770833334,1.296875,2.216867469879518,168,0.4375
2021-11-01,New Zealand,New Members,40-54,135407.37,809,625,1816,167.37622991347342,216.651792,1.2944,2.2447466007416566,263,0.4208
2021-11-01,New Zealand,New Members,55-64,30795.6,218,179,507,141.26422018348623,172.04245810055866,1.217877094972067,2.3256880733944953,80,0.44692737430167595
2021-11-01,New Zealand,New Members,65+,9649.619999999999,89,64,181,108.42269662921348,150.77531249999998,1.390625,2.033707865168539,36,0.5625
2021-11-01,United Kingdom,Existing Members,,949.99,10,10,11,94.999,94.999,1,1.1,2,0.2
2021-11-01,United Kingdom,Existing Members,0-17,15,1,1,1,15,15,1,1,1,1
2021-11-01,United Kingdom,Existing Members,18-24,289.99,4,4,6,72.4975,72.4975,1,1.5,3,0.75
2021-11-01,United Kingdom,Existing Members,25-34,144,3,3,3,48,48,1,1,1,0.3333333333333333
2021-11-01,United Kingdom,Existing Members,35-39,99.99000000000001,2,2,2,49.995000000000005,49.995000000000005,1,1,1,0.5
2021-11-01,United Kingdom,Existing Members,40-54,329.99,7,7,9,47.14142857142857,47.14142857142857,1,1.2857142857142858,2,0.2857142857142857
2021-11-01,United Kingdom,Existing Members,55-64,405,5,4,7,81,101.25,1.25,1.4,2,0.5
2021-11-01,United Kingdom,Existing Members,65+,162,3,2,4,54,81,1.5,1.3333333333333333,2,1
2021-11-01,United Kingdom,New Members,,144.99,1,1,3,144.99,144.99,1,3,1,1
2021-11-01,United Kingdom,New Members,0-17,420,2,2,2,210,210,1,1,1,0.5
2021-11-01,United Kingdom,New Members,18-24,160,1,1,1,160,160,1,1,1,1
2021-11-01,United Kingdom,New Members,25-34,570,4,4,4,142.5,142.5,1,1,1,0.25
2021-11-01,United Kingdom,New Members,35-39,535,2,2,2,267.5,267.5,1,1,1,0.5
2021-11-01,United Kingdom,New Members,55-64,69.99,1,1,1,69.99,69.99,1,1,1,1
2021-11-01,United Kingdom,New Members,65+,160,1,1,1,160,160,1,1,1,1
2021-12-01,Australia,Existing Members,,6630198.090000001,59477,46535,114971,111.47499184558738,142.4776639088858,1.2781132480928334,1.9330329371017367,18260,0.39239282260664016
2021-12-01,Australia,Existing Members,0-17,282318.11,2604,2085,4971,108.41709293394777,135.40436930455635,1.2489208633093525,1.9089861751152073,738,0.3539568345323741
2021-12-01,Australia,Existing Members,18-24,521763.31,5060,4014,9482,103.11527865612648,129.9858769307424,1.260587942202292,1.873913043478261,1406,0.3502740408570005
2021-12-01,Australia,Existing Members,25-34,1201954.56,11581,9158,22227,103.78676798203955,131.24640314479146,1.2645774186503604,1.9192643122355582,3370,0.3679842760428041
2021-12-01,Australia,Existing Members,35-39,839267.4600000001,8207,6420,15862,102.26239307907885,130.7270186915888,1.2783489096573208,1.9327403436091142,2362,0.3679127725856698
2021-12-01,Australia,Existing Members,40-54,2349395.5900000003,22691,17650,42794,103.53865365122738,133.11023172804533,1.2856090651558074,1.8859459697677494,6348,0.3596600566572238
2021-12-01,Australia,Existing Members,55-64,831376.8400000001,9065,7161,15565,91.71283397683399,116.09786901270773,1.2658846529814272,1.7170435741864314,2180,0.30442675603965924
2021-12-01,Australia,Existing Members,65+,257714.32,2890,2304,4758,89.17450519031142,111.85517361111111,1.2543402777777777,1.6463667820069203,652,0.2829861111111111
2021-12-01,Australia,New Members,,3282891.0300000003,21514,17086,60917,152.59324300455518,192.13923855788366,1.2591595458269929,2.8315050664683463,15751,0.9218658550860354
2021-12-01,Australia,New Members,0-17,46038.45,309,250,593,148.9917475728155,184.1538,1.236,1.919093851132686,92,0.368
2021-12-01,Australia,New Members,18-24,95054.56,538,440,1123,176.6813382899628,216.0330909090909,1.2227272727272727,2.087360594795539,160,0.36363636363636365
2021-12-01,Australia,New Members,25-34,217931.23,1333,1073,2763,163.48929482370593,203.1045945945946,1.2423112767940354,2.072768192048012,388,0.3616029822926375
2021-12-01,Australia,New Members,35-39,99049.94,599,467,1290,165.35883138564273,212.09837259100644,1.2826552462526766,2.1535893155258763,164,0.3511777301927195
2021-12-01,Australia,New Members,40-54,165702.08,1046,845,2414,158.41499043977055,196.09713609467454,1.2378698224852072,2.3078393881453154,341,0.4035502958579882
2021-12-01,Australia,New Members,55-64,46501.83,342,260,722,135.97026315789475,178.85319230769232,1.3153846153846154,2.111111111111111,107,0.4115384615384615
2021-12-01,Australia,New Members,65+,23217.579999999998,166,131,354,139.86493975903613,177.2334351145038,1.2671755725190839,2.1325301204819276,52,0.3969465648854962
2021-12-01,New Zealand,Existing Members,,4579918.240000001,39252,29528,73434,116.67986956078674,155.10424817122734,1.3293145489027365,1.8708346071537756,9709,0.32880655648875645
2021-12-01,New Zealand,Existing Members,0-17,361130.62,3208,2409,5919,112.57188902743142,149.90893316728932,1.331672893316729,1.8450748129675811,762,0.3163138231631382
2021-12-01,New Zealand,Existing Members,18-24,654657.18,5772,4369,10735,113.41946985446987,149.84142366674297,1.3211261158159762,1.85984060984061,1449,0.3316548409246967
2021-12-01,New Zealand,Existing Members,25-34,1627762.2000000002,14158,10479,26719,114.97119649668034,155.33564271399945,1.3510831186181889,1.8872015821443706,3573,0.34096764958488407
2021-12-01,New Zealand,Existing Members,35-39,1030620.4500000001,8841,6629,17012,116.57283678316934,155.47148136973902,1.3336853220696938,1.9242167175658862,2146,0.32372906924121286
2021-12-01,New Zealand,Existing Members,40-54,2318901.12,21298,15996,39041,108.87882054653019,144.96756189047264,1.3314578644661166,1.8330829185839046,5214,0.3259564891222806
2021-12-01,New Zealand,Existing Members,55-64,613924.09,6447,5100,10732,95.22632076935008,120.37727254901961,1.2641176470588236,1.6646502249108113,1398,0.2741176470588235
2021-12-01,New Zealand,Existing Members,65+,195226.27,2288,1840,3589,85.32616695804195,106.10123369565217,1.2434782608695651,1.568618881118881,434,0.2358695652173913
2021-12-01,New Zealand,New Members,,1632578.7700000003,9851,7812,25424,165.72721246573954,208.98345750128013,1.2610087045570917,2.5808547355598415,6747,0.8636712749615976
2021-12-01,New Zealand,New Members,0-17,39754.65,247,194,536,160.95000000000002,204.9208762886598,1.2731958762886597,2.1700404858299596,84,0.4329896907216495
2021-12-01,New Zealand,New Members,18-24,53130.51,334,275,682,159.07338323353295,193.20185454545455,1.2145454545454546,2.0419161676646707,125,0.45454545454545453
2021-12-01,New Zealand,New Members,25-34,165731.36,930,737,1880,178.2057634408602,224.87294436906376,1.2618724559023067,2.021505376344086,311,0.42198100407055633
2021-12-01,New Zealand,New Members,35-39,85857.76,422,328,946,203.4544075829384,261.76146341463414,1.2865853658536586,2.241706161137441,134,0.40853658536585363
2021-12-01,New Zealand,New Members,40-54,129597.08,677,521,1534,191.42847858197933,248.7467946257198,1.2994241842610366,2.2658788774002954,228,0.43761996161228406
2021-12-01,New Zealand,New Members,55-64,22549.26,146,124,328,154.44698630136986,181.84887096774193,1.1774193548387097,2.2465753424657535,59,0.47580645161290325
2021-12-01,New Zealand,New Members,65+,7321.91,62,52,125,118.09532258064516,140.80596153846153,1.1923076923076923,2.0161290322580645,22,0.4230769230769231
2021-12-01,United Kingdom,Existing Members,,4054.94,39,35,62,103.97282051282052,115.85542857142858,1.1142857142857143,1.5897435897435896,5,0.14285714285714285
2021-12-01,United Kingdom,Existing Members,0-17,299.99,2,2,2,149.995,149.995,1,1,1,0.5
2021-12-01,United Kingdom,Existing Members,18-24,496,5,5,6,99.2,99.2,1,1.2,2,0.4
2021-12-01,United Kingdom,Existing Members,25-34,1290,12,11,18,107.5,117.27272727272727,1.0909090909090908,1.5,2,0.18181818181818182
2021-12-01,United Kingdom,Existing Members,35-39,908.97,11,10,16,82.63363636363637,90.897,1.1,1.4545454545454546,2,0.2
2021-12-01,United Kingdom,Existing Members,40-54,1644.97,21,20,28,78.33190476190477,82.2485,1.05,1.3333333333333333,2,0.1
2021-12-01,United Kingdom,Existing Members,55-64,1403.98,19,18,30,73.89368421052632,77.99888888888889,1.0555555555555556,1.5789473684210527,4,0.2222222222222222
2021-12-01,United Kingdom,Existing Members,65+,275,4,3,4,68.75,91.66666666666667,1.3333333333333333,1,2,0.6666666666666666
2021-12-01,United Kingdom,New Members,,1172.99,13,11,16,90.23,106.63545454545455,1.1818181818181819,1.2307692307692308,2,0.18181818181818182
2021-12-01,United Kingdom,New Members,0-17,645,5,5,5,129,129,1,1,1,0.2
2021-12-01,United Kingdom,New Members,18-24,330,1,1,3,330,330,1,3,1,1
2021-12-01,United Kingdom,New Members,25-34,2653.98,18,15,27,147.44333333333333,176.932,1.2,1.5,3,0.2
2021-12-01,United Kingdom,New Members,35-39,220,2,2,2,110,110,1,1,1,0.5
2021-12-01,United Kingdom,New Members,40-54,1945.99,15,14,20,129.73266666666666,138.99928571428572,1.0714285714285714,1.3333333333333333,3,0.21428571428571427
2021-12-01,United Kingdom,New Members,55-64,942,7,7,10,134.57142857142858,134.57142857142858,1,1.4285714285714286,2,0.2857142857142857
2021-12-01,United Kingdom,New Members,65+,155,2,2,2,77.5,77.5,1,1,1,0.5
2022-01-01,Australia,Existing Members,,3309806.7800000003,31676,25611,55046,104.48941722439703,129.23379719651714,1.236812307211745,1.7377825483015532,8968,0.35016203974854554
2022-01-01,Australia,Existing Members,0-17,136589.85,1433,1173,2458,95.31741102581996,116.44488491048594,1.2216538789428815,1.7152826238660153,382,0.3256606990622336
2022-01-01,Australia,Existing Members,18-24,264874.51,2778,2296,4657,95.34719582433405,115.36346254355401,1.2099303135888502,1.6763858891288697,750,0.32665505226480834
2022-01-01,Australia,Existing Members,25-34,622190.52,6796,5557,11880,91.5524602707475,111.96518265251035,1.2229620298722332,1.748087110064744,1938,0.34874932517545437
2022-01-01,Australia,Existing Members,35-39,463214.29,4838,3940,8510,95.74499586606035,117.56707868020304,1.2279187817258883,1.7589913187267465,1313,0.333248730964467
2022-01-01,Australia,Existing Members,40-54,1238388.35,12655,10267,21726,97.85763334650336,120.61832570371092,1.2325898509788644,1.7167917819043856,3420,0.3331060679848057
2022-01-01,Australia,Existing Members,55-64,463485.34,5273,4264,8260,87.89784562867439,108.69731238273921,1.2366322701688555,1.5664706997913902,1268,0.2973733583489681
2022-01-01,Australia,Existing Members,65+,133974.67,1588,1320,2403,84.36692065491185,101.49596212121213,1.2030303030303031,1.5132241813602014,349,0.2643939393939394
2022-01-01,Australia,New Members,,1788598.1400000001,11783,9841,32241,151.79480098446916,181.74963316736105,1.1973376689360837,2.7362301620979377,8942,0.9086474951732547
2022-01-01,Australia,New Members,0-17,15056.44,111,86,226,135.6436036036036,175.07488372093025,1.2906976744186047,2.036036036036036,29,0.3372093023255814
2022-01-01,Australia,New Members,18-24,43281.1,298,262,573,145.23859060402685,165.19503816793892,1.1374045801526718,1.9228187919463087,107,0.4083969465648855
2022-01-01,Australia,New Members,25-34,120199.4,798,646,1585,150.62581453634084,186.0671826625387,1.2352941176470589,1.9862155388471179,231,0.35758513931888547
2022-01-01,Australia,New Members,35-39,72192.2,497,398,1055,145.25593561368208,181.38743718592963,1.2487437185929648,2.1227364185110664,151,0.3793969849246231
2022-01-01,Australia,New Members,40-54,107064.12,781,625,1727,137.08594110115237,171.302592,1.2496,2.211267605633803,227,0.3632
2022-01-01,Australia,New Members,55-64,31615.94,222,197,455,142.41414414414413,160.4870050761421,1.1269035532994924,2.0495495495495497,64,0.3248730964467005
2022-01-01,Australia,New Members,65+,12047.09,90,73,177,133.85655555555556,165.0286301369863,1.2328767123287672,1.9666666666666666,27,0.3698630136986301
2022-01-01,New Zealand,Existing Members,,2405689.37,22920,18009,38771,104.96026919720768,133.58261813537675,1.2726969848409129,1.6915794066317626,5564,0.30895663279471375
2022-01-01,New Zealand,Existing Members,0-17,202175.21,2033,1571,3249,99.44673389080177,128.6920496499045,1.294080203691916,1.5981308411214954,424,0.2698917886696372
2022-01-01,New Zealand,Existing Members,18-24,328063.9,3295,2585,5609,99.56415781487102,126.91059961315281,1.2746615087040618,1.7022761760242793,823,0.3183752417794971
2022-01-01,New Zealand,Existing Members,25-34,906703.42,8810,6845,14798,102.91752780930761,132.46215047479913,1.2870708546384222,1.6796821793416572,2178,0.31818845872899926
2022-01-01,New Zealand,Existing Members,35-39,583742.98,5398,4236,9515,108.14060392738051,137.80523607176582,1.2743153918791312,1.7626898851426454,1355,0.31987724268177525
2022-01-01,New Zealand,Existing Members,40-54,1307759.1600000001,12713,9979,21583,102.86786439078111,131.05112335905403,1.2739753482312857,1.6977110044835995,3051,0.3057420583224772
2022-01-01,New Zealand,Existing Members,55-64,347190.37,3799,3091,5697,91.38993682548039,112.32299255904238,1.2290520867033323,1.4996051592524349,812,0.2626981559365901
2022-01-01,New Zealand,Existing Members,65+,107413.12,1277,1072,1853,84.1136413469068,100.19880597014925,1.1912313432835822,1.4510571652310102,223,0.2080223880597015
2022-01-01,New Zealand,New Members,,801911.61,5433,4493,13240,147.60014908890116,178.4802158913866,1.2092143334075227,2.436959322657832,3868,0.8608947251279768
2022-01-01,New Zealand,New Members,0-17,10002.99,75,63,126,133.3732,158.77761904761905,1.1904761904761905,1.68,27,0.42857142857142855
2022-01-01,New Zealand,New Members,18-24,34353.72,213,171,409,161.28507042253523,200.89894736842106,1.2456140350877194,1.92018779342723,84,0.49122807017543857
2022-01-01,New Zealand,New Members,25-34,97438.09,566,443,1156,172.15210247349822,219.95054176072233,1.2776523702031604,2.0424028268551235,185,0.417607223476298
2022-01-01,New Zealand,New Members,35-39,50602.88,278,231,553,182.02474820143883,219.06008658008656,1.2034632034632036,1.9892086330935252,85,0.36796536796536794
2022-01-01,New Zealand,New Members,40-54,81668.92,495,401,1016,164.98771717171718,203.6631421446384,1.2344139650872819,2.0525252525252524,165,0.4114713216957606
2022-01-01,New Zealand,New Members,55-64,13486.55,109,90,197,123.72981651376146,149.85055555555556,1.211111111111111,1.8073394495412844,39,0.43333333333333335
2022-01-01,New Zealand,New Members,65+,5145.99,48,42,73,107.208125,122.52357142857143,1.1428571428571428,1.5208333333333333,16,0.38095238095238093
2022-01-01,United Kingdom,Existing Members,,2166,18,16,30,120.33333333333333,135.375,1.125,1.6666666666666667,3,0.1875
2022-01-01,United Kingdom,Existing Members,0-17,1640,2,2,7,820,820,1,3.5,1,0.5
2022-01-01,United Kingdom,Existing Members,18-24,418.99,5,5,7,83.798,83.798,1,1.4,1,0.2
2022-01-01,United Kingdom,Existing Members,25-34,940.01,5,5,11,188.002,188.002,1,2.2,2,0.4
2022-01-01,United Kingdom,Existing Members,35-39,269.98,4,4,5,67.495,67.495,1,1.25,1,0.25
2022-01-01,United Kingdom,Existing Members,40-54,1797.96,20,18,40,89.898,99.88666666666667,1.1111111111111112,2,4,0.2222222222222222
2022-01-01,United Kingdom,Existing Members,55-64,600.96,9,9,11,66.77333333333334,66.77333333333334,1,1.2222222222222223,1,0.1111111111111111
2022-01-01,United Kingdom,Existing Members,65+,633.19,9,8,11,70.35444444444445,79.14875,1.125,1.2222222222222223,3,0.375
2022-01-01,United Kingdom,New Members,,995,6,6,9,165.83333333333334,165.83333333333334,1,1.5,1,0.16666666666666666
2022-01-01,United Kingdom,New Members,0-17,175,2,2,4,87.5,87.5,1,2,2,1
2022-01-01,United Kingdom,New Members,18-24,400,3,2,3,133.33333333333334,200,1.5,1,1,0.5
2022-01-01,United Kingdom,New Members,25-34,491.99,3,3,5,163.99666666666667,163.99666666666667,1,1.6666666666666667,2,0.6666666666666666
2022-01-01,United Kingdom,New Members,35-39,390.01,4,3,8,97.5025,130.00333333333333,1.3333333333333333,2,1,0.3333333333333333
2022-01-01,United Kingdom,New Members,40-54,1128,8,6,17,141,188,1.3333333333333333,2.125,3,0.5
2022-01-01,United Kingdom,New Members,55-64,755,5,5,7,151,151,1,1.4,2,0.4
2022-01-01,United Kingdom,New Members,65+,310,2,2,5,155,155,1,2.5,2,1
